PRAGMA foreign_keys=OFF;
BEGIN TRANSACTION;
CREATE TABLE IF NOT EXISTS "django_migrations" ("id" integer NOT NULL PRIMARY KEY AUTOINCREMENT, "app" varchar(255) NOT NULL, "name" varchar(255) NOT NULL, "applied" datetime NOT NULL);
INSERT INTO django_migrations VALUES(1,'contenttypes','0001_initial','2023-10-16 06:30:13.578046');
INSERT INTO django_migrations VALUES(2,'auth','0001_initial','2023-10-16 06:30:14.057115');
INSERT INTO django_migrations VALUES(3,'admin','0001_initial','2023-10-16 06:30:14.583536');
INSERT INTO django_migrations VALUES(4,'admin','0002_logentry_remove_auto_add','2023-10-16 06:30:14.799356');
INSERT INTO django_migrations VALUES(5,'admin','0003_logentry_add_action_flag_choices','2023-10-16 06:30:15.239780');
INSERT INTO django_migrations VALUES(6,'contenttypes','0002_remove_content_type_name','2023-10-16 06:30:15.369364');
INSERT INTO django_migrations VALUES(7,'auth','0002_alter_permission_name_max_length','2023-10-16 06:30:15.645995');
INSERT INTO django_migrations VALUES(8,'auth','0003_alter_user_email_max_length','2023-10-16 06:30:15.819967');
INSERT INTO django_migrations VALUES(9,'auth','0004_alter_user_username_opts','2023-10-16 06:30:16.009878');
INSERT INTO django_migrations VALUES(10,'auth','0005_alter_user_last_login_null','2023-10-16 06:30:16.154188');
INSERT INTO django_migrations VALUES(11,'auth','0006_require_contenttypes_0002','2023-10-16 06:30:16.332386');
INSERT INTO django_migrations VALUES(12,'auth','0007_alter_validators_add_error_messages','2023-10-16 06:30:16.432292');
INSERT INTO django_migrations VALUES(13,'auth','0008_alter_user_username_max_length','2023-10-16 06:30:16.620351');
INSERT INTO django_migrations VALUES(14,'auth','0009_alter_user_last_name_max_length','2023-10-16 06:30:16.816769');
INSERT INTO django_migrations VALUES(15,'auth','0010_alter_group_name_max_length','2023-10-16 06:30:16.981343');
INSERT INTO django_migrations VALUES(16,'auth','0011_update_proxy_permissions','2023-10-16 06:30:17.132416');
INSERT INTO django_migrations VALUES(17,'auth','0012_alter_user_first_name_max_length','2023-10-16 06:30:17.419973');
INSERT INTO django_migrations VALUES(18,'sessions','0001_initial','2023-10-16 06:30:17.858943');
INSERT INTO django_migrations VALUES(19,'notes','0001_initial','2023-10-17 03:16:41.683188');
INSERT INTO django_migrations VALUES(20,'users','0001_initial','2023-10-18 00:38:05.537809');
INSERT INTO django_migrations VALUES(21,'notes','0002_alter_notes_created_time_alter_notes_due_date','2023-10-26 12:10:02.553687');
INSERT INTO django_migrations VALUES(22,'notes','0003_alter_notes_created_time_alter_notes_due_date','2023-10-26 12:10:02.717657');
INSERT INTO django_migrations VALUES(23,'notes','0004_remove_notes_is_finished_alter_notes_category','2023-10-26 17:57:26.448110');
INSERT INTO django_migrations VALUES(24,'notes','0005_alter_notes_due_date','2023-10-26 19:10:57.686773');
INSERT INTO django_migrations VALUES(25,'notes','0006_remove_category_id_alter_category_name','2023-10-27 07:01:35.001391');
INSERT INTO django_migrations VALUES(26,'notes','0007_alter_notes_category','2023-10-27 07:02:26.673702');
CREATE TABLE IF NOT EXISTS "auth_group_permissions" ("id" integer NOT NULL PRIMARY KEY AUTOINCREMENT, "group_id" integer NOT NULL REFERENCES "auth_group" ("id") DEFERRABLE INITIALLY DEFERRED, "permission_id" integer NOT NULL REFERENCES "auth_permission" ("id") DEFERRABLE INITIALLY DEFERRED);
CREATE TABLE IF NOT EXISTS "auth_user_groups" ("id" integer NOT NULL PRIMARY KEY AUTOINCREMENT, "user_id" integer NOT NULL REFERENCES "auth_user" ("id") DEFERRABLE INITIALLY DEFERRED, "group_id" integer NOT NULL REFERENCES "auth_group" ("id") DEFERRABLE INITIALLY DEFERRED);
CREATE TABLE IF NOT EXISTS "auth_user_user_permissions" ("id" integer NOT NULL PRIMARY KEY AUTOINCREMENT, "user_id" integer NOT NULL REFERENCES "auth_user" ("id") DEFERRABLE INITIALLY DEFERRED, "permission_id" integer NOT NULL REFERENCES "auth_permission" ("id") DEFERRABLE INITIALLY DEFERRED);
CREATE TABLE IF NOT EXISTS "django_admin_log" ("id" integer NOT NULL PRIMARY KEY AUTOINCREMENT, "object_id" text NULL, "object_repr" varchar(200) NOT NULL, "action_flag" smallint unsigned NOT NULL CHECK ("action_flag" >= 0), "change_message" text NOT NULL, "content_type_id" integer NULL REFERENCES "django_content_type" ("id") DEFERRABLE INITIALLY DEFERRED, "user_id" integer NOT NULL REFERENCES "auth_user" ("id") DEFERRABLE INITIALLY DEFERRED, "action_time" datetime NOT NULL);
CREATE TABLE IF NOT EXISTS "django_content_type" ("id" integer NOT NULL PRIMARY KEY AUTOINCREMENT, "app_label" varchar(100) NOT NULL, "model" varchar(100) NOT NULL);
INSERT INTO django_content_type VALUES(1,'admin','logentry');
INSERT INTO django_content_type VALUES(2,'auth','permission');
INSERT INTO django_content_type VALUES(3,'auth','group');
INSERT INTO django_content_type VALUES(4,'auth','user');
INSERT INTO django_content_type VALUES(5,'contenttypes','contenttype');
INSERT INTO django_content_type VALUES(6,'sessions','session');
INSERT INTO django_content_type VALUES(7,'notes','notes');
INSERT INTO django_content_type VALUES(8,'users','user');
INSERT INTO django_content_type VALUES(9,'notes','category');
CREATE TABLE IF NOT EXISTS "auth_permission" ("id" integer NOT NULL PRIMARY KEY AUTOINCREMENT, "content_type_id" integer NOT NULL REFERENCES "django_content_type" ("id") DEFERRABLE INITIALLY DEFERRED, "codename" varchar(100) NOT NULL, "name" varchar(255) NOT NULL);
INSERT INTO auth_permission VALUES(1,1,'add_logentry','Can add log entry');
INSERT INTO auth_permission VALUES(2,1,'change_logentry','Can change log entry');
INSERT INTO auth_permission VALUES(3,1,'delete_logentry','Can delete log entry');
INSERT INTO auth_permission VALUES(4,1,'view_logentry','Can view log entry');
INSERT INTO auth_permission VALUES(5,2,'add_permission','Can add permission');
INSERT INTO auth_permission VALUES(6,2,'change_permission','Can change permission');
INSERT INTO auth_permission VALUES(7,2,'delete_permission','Can delete permission');
INSERT INTO auth_permission VALUES(8,2,'view_permission','Can view permission');
INSERT INTO auth_permission VALUES(9,3,'add_group','Can add group');
INSERT INTO auth_permission VALUES(10,3,'change_group','Can change group');
INSERT INTO auth_permission VALUES(11,3,'delete_group','Can delete group');
INSERT INTO auth_permission VALUES(12,3,'view_group','Can view group');
INSERT INTO auth_permission VALUES(13,4,'add_user','Can add user');
INSERT INTO auth_permission VALUES(14,4,'change_user','Can change user');
INSERT INTO auth_permission VALUES(15,4,'delete_user','Can delete user');
INSERT INTO auth_permission VALUES(16,4,'view_user','Can view user');
INSERT INTO auth_permission VALUES(17,5,'add_contenttype','Can add content type');
INSERT INTO auth_permission VALUES(18,5,'change_contenttype','Can change content type');
INSERT INTO auth_permission VALUES(19,5,'delete_contenttype','Can delete content type');
INSERT INTO auth_permission VALUES(20,5,'view_contenttype','Can view content type');
INSERT INTO auth_permission VALUES(21,6,'add_session','Can add session');
INSERT INTO auth_permission VALUES(22,6,'change_session','Can change session');
INSERT INTO auth_permission VALUES(23,6,'delete_session','Can delete session');
INSERT INTO auth_permission VALUES(24,6,'view_session','Can view session');
INSERT INTO auth_permission VALUES(25,7,'add_notes','Can add notes');
INSERT INTO auth_permission VALUES(26,7,'change_notes','Can change notes');
INSERT INTO auth_permission VALUES(27,7,'delete_notes','Can delete notes');
INSERT INTO auth_permission VALUES(28,7,'view_notes','Can view notes');
INSERT INTO auth_permission VALUES(29,8,'add_user','Can add user');
INSERT INTO auth_permission VALUES(30,8,'change_user','Can change user');
INSERT INTO auth_permission VALUES(31,8,'delete_user','Can delete user');
INSERT INTO auth_permission VALUES(32,8,'view_user','Can view user');
INSERT INTO auth_permission VALUES(33,9,'add_category','Can add category');
INSERT INTO auth_permission VALUES(34,9,'change_category','Can change category');
INSERT INTO auth_permission VALUES(35,9,'delete_category','Can delete category');
INSERT INTO auth_permission VALUES(36,9,'view_category','Can view category');
CREATE TABLE IF NOT EXISTS "auth_group" ("id" integer NOT NULL PRIMARY KEY AUTOINCREMENT, "name" varchar(150) NOT NULL UNIQUE);
CREATE TABLE IF NOT EXISTS "django_session" ("session_key" varchar(40) NOT NULL PRIMARY KEY, "session_data" text NOT NULL, "expire_date" datetime NOT NULL);
INSERT INTO django_session VALUES('dfn7hkbci7vphigc7810tvjfnz6pqcbm','.eJxVjMsOwiAQRf-FtSE8plNw6d5vIDAMUjU0Ke3K-O_apAvd3nPOfYkQt7WGrfMSpizOwojT75YiPbjtIN9ju82S5rYuU5K7Ig_a5XXO_Lwc7t9Bjb1-60EpMwJHZCoqM1kFhQlZY3RIqLPVPIIDLhZ8Mhpx8AiGVHHKekDx_gDmCjdH:1qujLw:-YJDPR4Fw7A_ZvDdnwwS8IMHx7_NlS0tRfefccAHUJo','2023-11-06 01:03:32.037469');
CREATE TABLE IF NOT EXISTS "Users_user" ("ID" INTEGER PRIMARY KEY AUTOINCREMENT NOT NULL, "firstname" TEXT NOT NULL, "lastname" TEXT NOT NULL, "email" TEXT NOT NULL, "password" TEXT NOT NULL);
INSERT INTO Users_user VALUES(1,'Kiggundu','Brevin','kiggundubrevin@gmail.com','12345');
INSERT INTO Users_user VALUES(2,'Matovu','Rodney','rdmato@gmail.com','wellrodney');
INSERT INTO Users_user VALUES(3,'Ihave failed','my fault','failure@gmail.com','whatnext');
INSERT INTO Users_user VALUES(4,'Brian','Abdu','example@gmail.com','12345');
INSERT INTO Users_user VALUES(5,'BrianK','AbduB','kiggundubrevin99@gmail.wh','12345');
INSERT INTO Users_user VALUES(6,'OSP','Tunga','kiggundubrevin99@gmail.com','12378');
INSERT INTO Users_user VALUES(7,'Jamilu','OSP','jamiluosp@yahoo.com','12345');
INSERT INTO Users_user VALUES(8,'work','osp','work@yahoo.com','12345');
INSERT INTO Users_user VALUES(9,'work','osp','whatnw@yahoo.com','12345');
CREATE TABLE IF NOT EXISTS "auth_user" ("id" INTEGER PRIMARY KEY AUTOINCREMENT NOT NULL, "username" TEXT, "password" TEXT, "last_login" TEXT, "is_superuser" TEXT, "first_name" TEXT, last_name TEXT, "email" TEXT, "is_staff" TEXT, "is_active" TEXT, date_joined TEXT);
INSERT INTO auth_user VALUES(0,NULL,NULL,NULL,NULL,NULL,NULL,NULL,NULL,NULL,NULL);
INSERT INTO auth_user VALUES(1,'brevin','1234',NULL,'1','','','kiggundubrevin@gmail.com','1','1','2023-10-20 05:34:17.225177');
INSERT INTO auth_user VALUES(2,'home','pbkdf2_sha256$600000$FxCMp0lpTM7dVVx77yGZ8y$ZpQrAm9Dfr2UFzmqaVJMbsfgX1Hax18o/Zfei1SsGiw=','2023-10-23 01:03:31.735694','1','','','home@gmail.com','1','1','2023-10-23 01:02:44.419592');
CREATE TABLE IF NOT EXISTS "notes_category" ("name" varchar(255) NOT NULL PRIMARY KEY);
INSERT INTO notes_category VALUES('Done');
INSERT INTO notes_category VALUES('Unfinished');
INSERT INTO notes_category VALUES('Overdue');
CREATE TABLE IF NOT EXISTS "notes_notes" ("id" integer NOT NULL PRIMARY KEY AUTOINCREMENT, "title" varchar(255) NOT NULL, "content" text NOT NULL, "due_date" date NOT NULL, "priority" varchar(20) NOT NULL, "created_time" datetime NOT NULL, "user_id" bigint NOT NULL REFERENCES "users_user" ("id") DEFERRABLE INITIALLY DEFERRED, "category_id" varchar(255) NOT NULL REFERENCES "notes_category" ("name") DEFERRABLE INITIALLY DEFERRED);
INSERT INTO notes_notes VALUES(1,'Simba 3','Lion King: East Africa','2023-10-30','Active','2023-10-26 00:00:00',5,'Done');
INSERT INTO notes_notes VALUES(3,'Game of Thrones','S1 E1','2023-10-25 06:13:00','Active','2023-10-25 12:15:55.213264',1,'Overdue');
INSERT INTO notes_notes VALUES(5,'Simba','Lion King of Tanzania','2023-10-30','Active','2023-10-26 19:59:42.366674',6,'Unfinished');
INSERT INTO notes_notes VALUES(6,'Kony: CRY of the North','The war lord of north Uganda','2023-05-30','Active','2023-10-26 20:01:38.521055',2,'Overdue');
DELETE FROM sqlite_sequence;
INSERT INTO sqlite_sequence VALUES('django_migrations',26);
INSERT INTO sqlite_sequence VALUES('django_admin_log',0);
INSERT INTO sqlite_sequence VALUES('django_content_type',9);
INSERT INTO sqlite_sequence VALUES('auth_permission',36);
INSERT INTO sqlite_sequence VALUES('auth_group',0);
INSERT INTO sqlite_sequence VALUES('Users_user',9);
INSERT INTO sqlite_sequence VALUES('auth_user',2);
INSERT INTO sqlite_sequence VALUES('notes_notes',6);
CREATE UNIQUE INDEX "auth_group_permissions_group_id_permission_id_0cd325b0_uniq" ON "auth_group_permissions" ("group_id", "permission_id");
CREATE INDEX "auth_group_permissions_group_id_b120cbf9" ON "auth_group_permissions" ("group_id");
CREATE INDEX "auth_group_permissions_permission_id_84c5c92e" ON "auth_group_permissions" ("permission_id");
CREATE UNIQUE INDEX "auth_user_groups_user_id_group_id_94350c0c_uniq" ON "auth_user_groups" ("user_id", "group_id");
CREATE INDEX "auth_user_groups_user_id_6a12ed8b" ON "auth_user_groups" ("user_id");
CREATE INDEX "auth_user_groups_group_id_97559544" ON "auth_user_groups" ("group_id");
CREATE UNIQUE INDEX "auth_user_user_permissions_user_id_permission_id_14a6b632_uniq" ON "auth_user_user_permissions" ("user_id", "permission_id");
CREATE INDEX "auth_user_user_permissions_user_id_a95ead1b" ON "auth_user_user_permissions" ("user_id");
CREATE INDEX "auth_user_user_permissions_permission_id_1fbb5f2c" ON "auth_user_user_permissions" ("permission_id");
CREATE INDEX "django_admin_log_content_type_id_c4bce8eb" ON "django_admin_log" ("content_type_id");
CREATE INDEX "django_admin_log_user_id_c564eba6" ON "django_admin_log" ("user_id");
CREATE UNIQUE INDEX "django_content_type_app_label_model_76bd3d3b_uniq" ON "django_content_type" ("app_label", "model");
CREATE UNIQUE INDEX "auth_permission_content_type_id_codename_01ab375a_uniq" ON "auth_permission" ("content_type_id", "codename");
CREATE INDEX "auth_permission_content_type_id_2f476e4b" ON "auth_permission" ("content_type_id");
CREATE INDEX "django_session_expire_date_a5c62663" ON "django_session" ("expire_date");
CREATE INDEX "notes_notes_user_id_e6485e57" ON "notes_notes" ("user_id");
CREATE INDEX "notes_notes_category_id_76349cee" ON "notes_notes" ("category_id");
COMMIT;
